{"id":0.0,"xa":0.0,"xb":0.0,"ya":0.0,"yb":0.0,"za":0.0,"zb":0.0,"class":0,"features":{"type":0,"size":6,"indices":[],"values":[]},"rawPrediction":{"type":1,"values":[9.0,1.0]},"probability":{"type":1,"values":[0.9,0.1]},"prediction":0.0}
{"id":1.0,"xa":0.0,"xb":0.0,"ya":0.0,"yb":0.0,"za":0.0,"zb":0.0,"class":0,"features":{"type":0,"size":6,"indices":[],"values":[]},"rawPrediction":{"type":1,"values":[9.0,1.0]},"probability":{"type":1,"values":[0.9,0.1]},"prediction":0.0}
{"id":0.0,"xa":0.01,"xb":0.0,"ya":0.01,"yb":0.0,"za":0.01,"zb":0.0,"class":1,"features":{"type":1,"values":[0.01,0.0,0.01,0.0,0.01,0.0]},"rawPrediction":{"type":1,"values":[3.0,7.0]},"probability":{"type":1,"values":[0.3,0.7]},"prediction":1.0}
{"id":1.0,"xa":-0.014142135633033487,"xb":0.02414213561647945,"ya":-0.014142135633033487,"yb":0.02414213561647945,"za":-0.014142135633033487,"zb":0.02414213561647945,"class":1,"features":{"type":1,"values":[-0.014142135633033487,0.02414213561647945,-0.014142135633033487,0.02414213561647945,-0.014142135633033487,0.02414213561647945]},"rawPrediction":{"type":1,"values":[0.0,10.0]},"probability":{"type":1,"values":[0.0,1.0]},"prediction":1.0}
{"id":2.0,"xa":-0.010000000008204137,"xb":-4.102069378619788E-12,"ya":-0.010000000008204137,"yb":-4.102069378619788E-12,"za":-0.010000000008204137,"zb":-4.102069378619788E-12,"class":1,"features":{"type":1,"values":[-0.010000000008204137,-4.102069378619788E-12,-0.010000000008204137,-4.102069378619788E-12,-0.010000000008204137,-4.102069378619788E-12]},"rawPrediction":{"type":1,"values":[1.0,9.0]},"probability":{"type":1,"values":[0.1,0.9]},"prediction":1.0}
{"id":3.0,"xa":0.01414213560812956,"xb":0.004142135645485443,"ya":0.01414213560812956,"yb":0.004142135645485443,"za":0.01414213560812956,"zb":0.004142135645485443,"class":1,"features":{"type":1,"values":[0.01414213560812956,0.004142135645485443,0.01414213560812956,0.004142135645485443,0.01414213560812956,0.004142135645485443]},"rawPrediction":{"type":1,"values":[0.0,10.0]},"probability":{"type":1,"values":[0.0,1.0]},"prediction":1.0}
{"id":4.0,"xa":0.01,"xb":2.4612411421839735E-11,"ya":0.01,"yb":2.4612411421839735E-11,"za":0.01,"zb":2.4612411421839735E-11,"class":1,"features":{"type":1,"values":[0.01,2.4612411421839735E-11,0.01,2.4612411421839735E-11,0.01,2.4612411421839735E-11]},"rawPrediction":{"type":1,"values":[0.0,10.0]},"probability":{"type":1,"values":[0.0,1.0]},"prediction":1.0}
{"id":5.0,"xa":0.014142135649733299,"xb":-0.004142135587473431,"ya":0.014142135649733299,"yb":-0.004142135587473431,"za":0.014142135649733299,"zb":-0.004142135587473431,"class":1,"features":{"type":1,"values":[0.014142135649733299,-0.004142135587473431,0.014142135649733299,-0.004142135587473431,0.014142135649733299,-0.004142135587473431]},"rawPrediction":{"type":1,"values":[0.0,10.0]},"probability":{"type":1,"values":[0.0,1.0]},"prediction":1.0}
{"id":6.0,"xa":-0.009999999975387624,"xb":-1.2306206401135888E-11,"ya":-0.009999999975387624,"yb":-1.2306206401135888E-11,"za":-0.009999999975387624,"zb":-1.2306206401135888E-11,"class":1,"features":{"type":1,"values":[-0.009999999975387624,-1.2306206401135888E-11,-0.009999999975387624,-1.2306206401135888E-11,-0.009999999975387624,-1.2306206401135888E-11]},"rawPrediction":{"type":1,"values":[2.0,8.0]},"probability":{"type":1,"values":[0.2,0.8]},"prediction":1.0}
{"id":7.0,"xa":-0.014142135558613225,"xb":-0.024142135674491437,"ya":-0.014142135558613225,"yb":-0.024142135674491437,"za":-0.014142135558613225,"zb":-0.024142135674491437,"class":1,"features":{"type":1,"values":[-0.014142135558613225,-0.024142135674491437,-0.014142135558613225,-0.024142135674491437,-0.014142135558613225,-0.024142135674491437]},"rawPrediction":{"type":1,"values":[0.0,10.0]},"probability":{"type":1,"values":[0.0,1.0]},"prediction":1.0}
